uids,gpa_all,Spring_gpa,SlopeActivityTerm,SlopeActivityDayTerm,SlopeActivityNightTerm,SlopeActivityEveningTerm,SlopeActivityTermPre,SlopeActivityTermPost,SlopeActivityDayPre,SlopeActivityDayPost,SlopeActivityNightPre,SlopeActivityNightPost,SlopeActivityEveningPre,SlopeActivityEveningPost,SlopeAudioTerm,SlopeAudioDayTerm,SlopeAudioNightTerm,SlopeAudioEveningTerm,SlopeAudioTermPre,SlopeAudioTermPost,SlopeAudioDayPre,SlopeAudioDayPost,SlopeAudioNightPre,SlopeAudioNightPost,SlopeAudioEveningPre,SlopeAudioEveningPost,SlopeConDurTerm,SlopeConDurDayTerm,SlopeConDurNightTerm,SlopeConDurEveningTerm,SlopeConDurTermPre,SlopeConDurTermPost,SlopeConDurDayPre,SlopeConDurDayPost,SlopeConDurNightPre,SlopeConDurNightPost,SlopeConDurEveningPre,SlopeConDurEveningPost,SlopeConFreqTerm,SlopeConFreqDayTerm,SlopeConFreqNightTerm,SlopeConFreqEveningTerm,SlopeConFreqTermPre,SlopeConFreqTermPost,SlopeConFreqDayPre,SlopeConFreqDayPost,SlopeConFreqNightPre,SlopeConFreqNightPost,SlopeConFreqEveningPre,SlopeConFreqEveningPost,SlopeMobilityTerm,SlopeMobilityDayTerm,SlopeMobilityNightTerm,SlopeMobilityEveningTerm,SlopeMobilityTermPre,SlopeMobilityTermPost,SlopeMobilityDayPre,SlopeMobilityDayPost,SlopeMobilityNightPre,SlopeMobilityNightPost,SlopeMobilityEveningPre,SlopeMobilityEveningPost,SlopeSleepTerm,SlopeSleepTermPre,SlopeSleepTermPost,SlopeStressTerm,SlopeStressTermPre,SlopeStressTermPost,SlopePAMTerm,SlopePAMPre,SlopePAMPost,SlopeClassTerm,SlopeClassPre,SlopeClassPost,SlopePhonechargeTerm,SlopePhonechargePre,SlopePhonechargePost,PositiveScorePre,NegativeScorePre,PositiveScorePost,NegativeScorePost,PHQ9ScorePre,PHQ9ScorePost,LonelinessScorePre,LonelinessScorePost
u01,2.863,1.777777778,-2.5594270581467505e-09,-6.594740443455726e-09,3.886013736677117e-09,-6.547640913380309e-09,4.361238376134066e-09,-6.668348597682565e-09,1.1746990076507832e-08,-1.1866586512706302e-08,-7.360535827597103e-09,9.354627629436844e-09,1.7371454003135514e-08,-1.794905804404515e-08,-1.797402587417161e-08,-1.5328321484590046e-17,-8.609630902923964e-18,-3.0671111245030063e-17,1.5341965940588755e-17,-5.448578135360597e-17,2.4086083672782446e-17,-1.2369294382274405e-16,6.149940036998973e-17,-2.0166556212757208e-17,-7.928094707683218e-17,-4.0432858600043164e-17,-1.399090798190312e-05,-0.0001142921230261444,3.404329269767435e-05,5.98868213491604e-08,-6.368160001364901e-05,8.750427844254366e-05,-0.0002403397145209938,3.075281927552071e-05,3.3640558920950385e-05,7.334483731151784e-05,-3.710139815909502e-05,0.00011783084200630844,0.064272771344783,0.14826225990904512,0.013401393311188841,0.04149077194750308,0.4950427350427348,-0.09131988939097578,0.2618131868131868,-0.16550690953894395,0.16991452991452985,-0.05056589615857598,0.050598290598290595,-0.07471623451004894,3.2689845845846046e-08,3.0272009519036466e-08,7.821004208898713e-08,7.693785226973758e-09,-1.545418550512854e-18,3.792257260627147e-17,-2.532568047306122e-08,3.375970038576051e-08,1.5808745776551568e-07,7.705576122441039e-08,-1.0455882216038653e-07,1.737390019625267e-08,-4.128976683248578e-16,-5.184991471265502e-16,1.7008213903064841e-15,4.779844575990683e-16,3.955558946091787e-16,1.2333680119577139e-15,4.836646228316446e-16,3.914304535604408e-16,6.7450670585475e-16,7.05483250216387e-16,5.491491361167368e-16,-2.6386785514223765e-14,-0.00055692192743553,-0.006732882644716525,-0.0021505371428116524,30.0,19.0,27.0,17.0,5.0,4.0,34.0,39.0
u02,3.505,4.0,1.0022065780453849e-09,5.070590153729891e-10,2.365450558346802e-09,-9.135327660965327e-10,-7.704215411862011e-09,-2.7106859826845586e-09,-3.013351874327866e-09,-6.147614297745312e-10,-4.413672743817084e-09,-7.611054558525844e-09,-2.0438177189633962e-08,1.3742045611208636e-09,-4.971422241186395e-09,3.127691819064224e-18,2.7106264367491223e-17,-3.946349172105009e-17,1.0552911118584304e-16,5.883309905797922e-17,1.592466765200741e-16,9.182472771275037e-17,1.6126910813100576e-16,3.85990703286664e-17,1.2293311768566979e-17,5.410742711697265e-17,-3.0141182857421972e-05,-9.263068214204417e-05,-1.699593359444685e-05,3.0637070378065366e-05,4.354691643343343e-06,-1.1183274520461594e-05,-7.400527965153828e-05,8.61455943532282e-05,0.00032800875171454697,-6.868743970643801e-05,-0.00017940066995900415,1.62275777663492e-05,0.009599744876914182,0.08861372065950135,0.08497787726561506,-0.07055290728420495,0.4671592775041049,0.15631321030132408,0.1098901098901099,0.1437248895792296,0.029673919061064053,0.09926384774216719,0.0909170382026401,-0.035434456443217806,2.786460774675768e-10,-5.677649283397597e-09,-6.0099696863697145e-09,1.791046932600237e-08,-1.2236632773859365e-17,-9.067170107739307e-18,-2.7558062725657554e-08,-2.0579068018761122e-08,-1.2391629314261653e-08,-4.886052340293726e-09,2.405096050209378e-08,5.15788020581724e-09,4.83343682368913e-16,1.922552691833244e-16,1.416848815153839e-15,2.8111328036962137e-16,7.152051512428509e-16,5.02621032911343e-16,4.895363090265453e-16,-4.649998877767276e-16,-1.3239095958902032e-16,1.4211173142414164e-15,2.7688920684207296e-15,-3.6844325359835296e-16,-0.0011852520801118986,-0.007553709472256292,-0.0004830436133806501,23.0,15.0,28.0,13.0,13.0,5.0,33.0,31.0
u04,3.029,3.5,-1.405581506480564e-08,-2.216166485375368e-08,-4.196113724961758e-09,-1.6116786117274133e-08,-1.2517013102808137e-08,-1.729634082559731e-08,-2.6995895104798872e-08,-1.9736629274847323e-08,1.0602286353750759e-08,-1.3433792092519651e-08,-2.5551972294850876e-08,-1.763945676980027e-08,-2.340930858888524e-08,-3.899582103538002e-17,8.890398395268224e-18,-1.7205370412765874e-17,3.820674779247622e-17,-2.2937015337908033e-17,3.957779217850294e-17,3.8479903104562565e-17,3.4185985551180525e-17,-5.648297738993867e-17,2.4887795825726362e-17,-5.724269206557823e-17,-2.6946187704440647e-05,-4.712142797852205e-05,-1.4549802371154897e-05,-7.253364044265523e-06,-1.9794644861915257e-05,-1.0883207547437767e-05,-3.3184027787470004e-05,1.0407971833090839e-05,-2.417988617261106e-05,-6.542491406885872e-05,2.4847221241254506e-06,1.2635624585253073e-05,0.1257190316527731,0.03971207973176659,0.09126263935701322,0.007389162561576346,0.06650246305418728,0.022580645161290287,-0.01833607006020798,0.08145161290322568,0.032356532356532366,0.07497219132369294,0.10866910866910869,-0.11857619577308115,1.6887435228614253e-08,4.201304926826758e-09,1.728400349474482e-08,2.7711926611204648e-08,2.1798282740767373e-17,-1.024058895607066e-16,2.0758981752681856e-08,-1.663198385362747e-07,3.1106584824610696e-08,-7.112824354949826e-08,-9.797591524411129e-09,-6.119542207867762e-08,-8.896169092669456e-17,4.146915489374632e-17,-4.221599505755794e-16,4.3609200733146257e-16,8.868308297185536e-16,6.3335072367800135e-16,8.331511862533256e-16,-6.305645589940173e-16,2.0865354562819583e-15,5.337891325647839e-16,-9.046899809253535e-16,1.970050962657594e-14,0.00010121929078684337,-0.00496548103851912,0.0008617482702902921,27.0,14.0,34.0,19.0,6.0,8.0,31.0,36.0
u05,3.679,3.777777778,-5.868038037471734e-09,-2.5280265836472917e-09,-1.1049997293156098e-09,-1.868089699538371e-08,-4.422283752934621e-09,2.986652081557327e-11,-8.946516215338402e-09,4.101849564860508e-09,7.816921368922288e-09,6.298736199866327e-10,-2.1103163323947753e-08,-6.287105612740847e-09,-2.8755488123934038e-08,-1.1335211620660244e-17,-9.817468178459982e-18,-6.685183611182822e-17,-1.0139788062141778e-16,1.3942262892900676e-17,-7.356244976765693e-17,1.7522503376367432e-17,-2.104937786888758e-17,1.5425489371417555e-17,-1.9151493536031565e-16,1.4545772134001854e-18,-6.134345814478467e-05,-0.00011822317147579146,-5.8484393225471686e-05,-1.6298349523060538e-05,-0.00015306137044636007,3.309089883248287e-05,-9.057201049759064e-05,-3.761134411653572e-05,-0.00010432302100511545,5.4248044896638924e-05,-0.0002109728288428973,7.898989917386217e-05,-0.024084249084249085,0.029173136221488396,0.03143420277040966,-0.011563972922698193,-0.1139043381535038,-0.22492997198879558,-0.003567959721699137,0.040505646524457886,0.0675273279157781,0.07037810648365234,-0.02577245680693959,-0.05542319882580674,3.395701936459319e-08,3.5495373192210627e-08,1.473433763871483e-08,5.418222938219404e-08,1.4100360057378076e-17,8.349939700514811e-17,1.0659361730603116e-08,1.2460508412962972e-07,-5.637484295228489e-09,2.4373455000009058e-08,4.812715123656241e-08,8.11152190532352e-08,1.3152104225168696e-15,1.3152104225168696e-15,,2.581218706524965e-15,2.581218706524965e-15,,6.339472265735018e-15,6.339472265735018e-15,,-1.600068987308272e-15,-1.600068987308272e-15,,-0.0024624732691764114,-0.009649288972973432,-0.000897924868334338,32.0,27.0,33.0,17.0,2.0,0.0,30.0,
u07,3.474,4.0,-1.960983533227072e-08,-1.7190025384685732e-08,-6.031863633155189e-09,-4.524957780996241e-08,-3.0506236377297894e-08,-1.1458933220788096e-08,-4.2904989654674914e-08,-2.30171629227762e-08,1.632120051514669e-08,1.4906050899264566e-08,-9.04390742678483e-08,-3.67826773691212e-08,-1.672902005107766e-07,-1.8356752942206644e-16,-1.0380961004753311e-16,-2.1295836653411201e-16,4.605081815211141e-17,-6.165624408797572e-17,3.0087172818814164e-16,-2.850154097254828e-17,9.568621245408775e-17,-3.867281077202401e-17,-1.9616780076057562e-16,-1.1087680694670548e-16,-7.642610651667346e-05,-2.1862931486901886e-05,-6.096829098895603e-05,-8.985466341929707e-05,-0.00012007939868757227,-5.3079244354711606e-05,-0.0004739415526845698,6.153020632000714e-05,0.0002875973604555696,-5.291920187899546e-05,-0.0005555500445361446,-6.750337552680554e-05,-0.5664894712984712,-0.12103420224242206,-0.10407238595751357,-0.14990035959609455,1.4250000000000003,-0.4223823422108718,0.8428571428571426,-0.023101473168051067,0.3714285714285715,-0.14009390629784624,0.6571428571428573,-0.13101437200583213,-3.3842631559802406e-09,-3.228547724816966e-09,-7.509887447514687e-09,5.0742545719399216e-09,1.6439517052007438e-18,-5.231983217860736e-17,2.1939216731528293e-08,-3.5805697543105895e-08,-3.620050006788821e-08,-9.715536806302483e-08,4.418129160321979e-08,6.920912727203278e-09,3.8708220252805245e-16,6.294877546022552e-16,1.4367524785389695e-15,-1.4129226705028902e-16,2.0057745925145534e-17,-1.049826935801256e-15,4.1771787711515756e-16,3.0853676170154317e-16,3.9053222540738155e-15,1.691674852218832e-15,1.6173858138371843e-15,8.380359857332561e-15,-0.0017042635802442727,-3.345148425119689e-06,0.0006255560206152445,30.0,21.0,16.0,17.0,7.0,8.0,33.0,38.0
u08,3.705,3.333333333,-3.2035055099218698e-09,-9.136005320489514e-09,1.5237676568515673e-09,-9.299320911522691e-10,-6.793210283739868e-09,-1.1390160931526174e-08,-3.0497408658354025e-08,-4.931055459546259e-09,1.3686350608317996e-09,-8.441548277050251e-09,1.7931543618402504e-08,-2.465553226603497e-08,1.5716684154144802e-08,-1.6637457965032526e-17,4.360816586296105e-17,6.794313594081717e-18,9.085252452946778e-20,1.8807591656500595e-17,-1.3606626811444797e-16,-1.2695548025240171e-17,4.2804122728561124e-17,8.228080741533081e-17,6.118227681124315e-17,-3.8386469311050166e-17,-1.4524905613672537e-05,-8.235672285097945e-05,2.4890728265151655e-05,-3.145234503441333e-05,-0.00011741482616317495,4.590635948780178e-05,-0.00027416244524514424,6.191760981964977e-05,-7.601727770785525e-05,6.023686074972363e-05,-7.194984305102466e-05,1.183187646097282e-05,0.21996336996337007,0.041623802506665204,0.16419413919413928,0.05491551459293395,0.5843108504398831,-0.060828877005347566,0.04959677419354838,-0.08023119339194365,0.3931451612903228,0.2830882352941176,0.28991935483870956,-0.1605571847507332,3.1135862389357134e-08,3.4256112574066146e-08,1.6209437600424073e-08,3.957656082747525e-08,1.9957070678349654e-17,8.617822315188396e-17,5.5787371838395915e-08,9.067681673692406e-08,1.7642209183098203e-09,4.0229695206967546e-08,-1.840871720311368e-08,1.3810618615770678e-07,-1.9411423741386674e-17,6.941147621358569e-16,5.908207030407816e-16,1.8929664527054034e-16,4.737317967521295e-16,-1.840419085731853e-16,-5.491869261919996e-16,7.682471964863866e-16,-1.9377852629248318e-16,1.2041840592868416e-15,1.1341659883661793e-15,1.1601965845056112e-15,-0.0005530834938319213,-0.0016849868598571287,-0.0006316929801525768,30.0,26.0,,,5.0,,29.0,
u09,3.806,3.777777778,-3.97332391579174e-09,-1.0608566091666306e-09,-1.915544285680144e-09,-1.3188845432897043e-08,-9.48957182637435e-09,-4.506612528557683e-09,-1.0852301828912419e-09,-1.6215658586696073e-09,-6.021469707964361e-09,-8.31270604293639e-09,-3.227430476628115e-08,-4.730035460512854e-09,2.2021937339000405e-09,8.847197135408355e-19,8.537814392471957e-19,2.9953928228489472e-18,-2.8549582638574965e-17,3.0543832094690724e-17,-3.0255403942839044e-17,2.367848878308884e-17,-1.7796902001884302e-17,2.2721692252810074e-17,-3.7469984294410806e-17,5.3208596249051844e-17,-1.8665692543606587e-05,-1.22694194846601e-05,-7.39599860947981e-05,8.68258922182271e-06,-6.442551168334758e-05,3.6598155099287152e-06,-0.00014690049390069125,-1.6217072237413528e-05,-0.00017118315067952302,-6.912593723406495e-05,4.100011255873303e-05,6.444998285264728e-05,0.04435862644817871,0.01762543716609094,0.07484934283731229,-0.020818475123110886,0.0919354838709676,-0.0046332046332046095,0.1550611790878753,0.04674497123020594,0.002899255545995296,0.22587567744516782,-0.10365282042993379,-0.09215686274509804,2.081593851657954e-08,7.808226547453554e-09,1.0265418651270758e-08,4.5831368287292407e-08,6.427014141208902e-17,2.4170192859538727e-17,8.26898476583932e-08,-2.3038287229900974e-08,1.3569804488089159e-08,2.2983688090379132e-08,6.568821204231611e-08,7.166383166852344e-08,-0.0,-0.0,,5.8590256954431655e-15,5.8590256954431655e-15,,1.4262372337156626e-14,1.4262372337156626e-14,,2.2461401764306887e-14,2.2461401764306887e-14,,-0.001291298758555124,-0.007459150211456742,0.001333211276657638,28.0,11.0,32.0,12.0,4.0,2.0,39.0,34.0
u10,3.667,3.777777778,3.748909543583165e-09,5.644427035329295e-09,2.550981834176237e-09,3.383717586191066e-09,8.524377985208578e-09,6.260685444177921e-11,8.069092534908366e-09,1.6995787222675766e-09,8.182708012338791e-09,3.684822651521048e-09,9.799132656148343e-09,-6.322383029639173e-09,1.8550582599390852e-08,2.132445237506949e-18,4.6930743552775216e-17,1.2614163985183038e-17,1.255707810854917e-18,5.0821635756268335e-17,3.097524218067653e-17,-2.8162440987924e-18,3.262240067998509e-18,1.3699055687542833e-16,-3.991722462112165e-17,3.554495182788829e-17,1.9863322163909112e-05,-3.1489580997936816e-05,4.278072397005501e-05,4.096866982830258e-05,-4.779134237696085e-05,6.276138545585304e-05,-4.205294551132813e-05,-3.889244602316659e-05,-2.0820466766903527e-05,0.00010500418887744924,-6.233797151414947e-05,0.00012742836330934928,-0.005719653480847525,0.01695021396513933,0.0326847332324858,-0.03356643356643356,0.05911330049261085,0.2528723055038845,-0.025123152709359615,0.051209103840682786,0.14306590676603823,0.20610289841765367,0.028571428571428595,0.009009009009009038,-2.5858773853079982e-08,-3.792955216633253e-08,-1.2734809157388972e-08,-2.0337864198871616e-08,-1.433478485030087e-16,-1.0275710508620228e-17,-1.9247948218511501e-07,-1.5801164761216188e-08,-8.049832109356548e-09,-1.1688314237334972e-08,-1.5669519570203116e-07,1.200142546443723e-09,3.463372985944544e-16,1.80622113066798e-16,7.06003733388599e-16,4.5561687385275594e-17,2.859152033267633e-16,1.3064511624329064e-16,5.802405489691239e-16,1.779908776682028e-15,3.3530730077424214e-16,2.702849980682832e-16,4.504760372588414e-16,4.138473696142441e-15,0.00027832879681895245,-0.00023256474435050115,0.0018815145015783712,33.0,20.0,43.0,28.0,0.0,4.0,33.0,27.0
u12,3.245,2.583333333,4.1396236775695784e-09,2.3489808485813453e-09,3.4606361607712454e-09,7.75641883559688e-09,-8.783037035149412e-09,1.3829301867765633e-08,-1.0727358180964621e-08,1.7547060187142937e-08,-3.205320688405939e-09,6.142582567629026e-09,-1.7817534537692857e-08,1.8979195781865796e-08,6.320405490638782e-09,9.77457141085813e-18,2.013605483087726e-17,-7.34273873113772e-18,-1.0804767376509601e-16,7.029229436395122e-17,-9.376021120057261e-17,7.651761351615528e-17,-1.0539755841698496e-16,7.894310801473231e-17,-1.3100559763484654e-16,5.381806948327689e-17,-1.9668128334184085e-05,-3.016745512368148e-05,1.4637693370089189e-05,-2.137178307687346e-05,-4.047100014860758e-05,-3.24837255708695e-05,2.8742447267395728e-05,-9.829895924971244e-05,-0.00015071771880331177,0.00010371377379133026,-3.6959972351598212e-06,-3.717893594265454e-05,0.07027695745869583,0.014090387224715605,0.044551552011905554,0.03763698987579584,-0.45989304812834214,0.2983193277310925,-0.2503342245989305,0.16149732620320859,0.009530791788856298,0.06718295683292327,-0.2203079178885632,0.16271963330786857,-1.43260630336355e-08,-2.2860502449521403e-08,3.7949642384710676e-08,2.0962814439451053e-08,6.402616008100357e-19,2.4284210510327863e-17,4.003248582473735e-09,1.2390565795745172e-08,-1.204264273131851e-07,6.542343190844483e-08,-8.165903514738373e-08,4.248675975893279e-08,6.849809973822916e-16,-3.8538449420778746e-16,1.3313329829835009e-15,9.15751291190499e-17,1.391173216061979e-16,4.555593990439734e-16,-1.104927551592883e-16,-3.2248898399213674e-16,1.4898408155923013e-16,1.9306795635417524e-16,1.9306795635417524e-16,,4.543951427728464e-05,-0.0044099547493320615,-0.003463533801697368,42.0,18.0,,,1.0,,37.0,
u14,3.293,3.888888889,-2.1021005657818243e-08,-9.247427239788847e-09,-2.986716073487039e-08,-2.5882135417270443e-08,-1.77144926277418e-08,-2.7899170397231667e-08,-2.9702106773127447e-08,-9.918590340027213e-09,-2.2434879270397537e-08,-4.388966669430178e-08,9.506683562121478e-09,-2.929070534810509e-08,-2.7073163067864243e-08,3.8570914674012294e-18,-4.5837863386219504e-17,-3.369050380480835e-17,-4.507337166019747e-17,-2.044758822936067e-17,-2.6245040025323308e-17,-8.948636159426784e-18,-7.154886277858362e-17,-2.5168417073715544e-17,-3.468605716783387e-17,-2.457617152931558e-17,-8.572117981416372e-05,-3.8218824297199846e-05,-0.00011906941445441795,-8.183158279225929e-05,-3.52726207938116e-05,-0.00014210379577601814,5.5195001132551487e-05,-8.831848016536423e-07,-0.0001506444472334672,-0.0002197056970515242,2.428147393335405e-05,-0.0001428969466416676,-0.0476040848389631,0.03903407403957549,0.06700033647375507,-0.0012660271388636505,-0.19064039408866998,-0.18697742622280505,-0.04077723043240284,-0.027295764968645282,0.07669107325771093,0.151798459899069,-0.03776683087027909,-0.09554367545451041,1.738437921336739e-08,1.4733135395307946e-08,2.3994168587074476e-08,6.841794962093265e-09,2.882200082947138e-17,-2.741851675182922e-18,3.4097165588220244e-08,-1.4687087831590103e-08,-1.2721874141621756e-08,3.7082761439587583e-09,6.85163172659961e-08,4.901501384396674e-09,1.9429047105155345e-16,5.596023519729553e-16,1.0311372798474593e-15,4.564326452945025e-16,7.486761839545514e-16,4.940076732988108e-16,-4.040265248244077e-16,-1.8649029751414126e-15,2.269728638890943e-16,1.76615053134927e-15,2.3493137544681543e-15,0.0,-0.0022788011257993852,-0.009896938559081019,0.0004908572453767086,40.0,43.0,36.0,12.0,1.0,3.0,26.0,31.0
u15,2.815,3.333333333,1.0145045365332593e-09,-8.062425578649139e-10,9.127888752811053e-10,4.3292810960400174e-10,-5.971972324025758e-09,-1.1051114711500586e-09,-6.2451686171466036e-09,-3.1379088949570996e-09,-1.5654609478739824e-08,1.974782851065861e-09,7.537398525179066e-09,-4.540405060651258e-09,-3.524512691846738e-08,-4.950061036095646e-17,-5.309053717882209e-17,-1.3259657190144971e-17,-9.818520790679593e-18,-3.129408771761518e-17,1.220485304054737e-16,-4.6161538228174657e-17,-1.8831640285568782e-16,-9.510505645184764e-18,-6.243016865548739e-17,-4.0913505451731835e-17,-3.129725551453914e-05,-2.6331782073719214e-05,-3.074472670584667e-05,-3.6227347032044625e-05,-8.524964554607409e-05,-4.05929392646816e-05,8.761902222862868e-05,-9.073784557391356e-05,-0.00017922540079110688,-3.4815444562458614e-05,-0.0003281708375015405,-3.111601615864616e-05,-0.26765239359979265,-0.06428219220916667,-0.01810272859088713,-0.04733698057041714,-1.136222910216718,-0.2144806047861256,-0.18268746854554602,0.0753001456773999,-0.23947951273532664,0.031074929971988793,-0.40424671385237604,-0.1040402196565205,6.010359530223195e-09,2.2236315979295778e-08,5.8309169140824325e-09,-8.009647574755522e-09,-8.209576439538003e-17,2.1529669280009067e-17,-1.2865648295531302e-07,9.829897736460095e-08,-9.601913153166186e-09,-1.054088156082685e-09,-8.011226365530464e-08,-2.7841029703128803e-08,-6.141149308659257e-16,-2.5211531157583056e-16,-1.2526473919724718e-15,5.581949618223115e-17,5.581949618223115e-17,,6.963056144061626e-16,2.8866474560277936e-15,1.4937469793245041e-15,1.1408363242415176e-15,1.4112785008487948e-15,5.555555555555555e-11,-0.0014300848567392098,0.0003078630001005073,-0.00028577750083391625,30.0,25.0,33.0,25.0,3.0,1.0,31.0,31.0
u16,3.373,4.0,-3.667327572786848e-09,-6.73856287049604e-09,1.617883920210737e-09,-6.119177125899998e-09,1.3201939631318332e-09,-4.3124118123438e-09,-1.3410217745875836e-08,-6.468354318596369e-09,5.467515238682417e-09,1.9649496276607553e-09,1.7366462414188318e-08,-1.0843887053611145e-08,-6.433633499933769e-08,-9.37637421784915e-17,-1.346074959093038e-17,-8.458682849648407e-17,-5.662986414571227e-17,-7.585148254927546e-17,-3.068844331134103e-17,-8.143757436311514e-17,-8.663454676086154e-17,-1.7772762223669213e-17,-6.509101506858711e-17,-1.3309041212696001e-16,8.221313868365364e-07,-5.20874489909453e-05,2.7051239955610522e-05,1.9307194824655276e-05,-0.0001709842939733888,6.201484785069767e-05,-8.453709178530614e-05,2.414068343744205e-05,-0.0002588040242684741,0.00010692339023944672,-0.000162291183650131,4.30805717032249e-05,-0.31783124794462625,-0.07671492574798877,-0.008211538264022274,-0.10387854897874002,-0.07905138339920943,-0.504130856667591,-0.03946631834297441,-0.07362434263979781,0.06479338842975206,-0.0887144293092093,0.033879164313946934,-0.1803531187330728,1.2845368577224993e-08,1.8229180579807137e-08,1.7692155627801783e-09,1.6532805557013453e-08,6.35324295202264e-17,1.583126816622443e-17,5.852721269672543e-08,2.999226399825509e-09,3.040731756768673e-08,5.1581142451641914e-08,9.124797019377563e-08,1.2206469479595173e-10,1.1585240637301863e-16,-3.7639943334260306e-16,2.5191585894360354e-16,9.180541462296163e-17,6.256947407039316e-16,-2.627941725603001e-16,1.443997788028646e-16,3.756815652860522e-16,-2.688564639165321e-16,9.947444002971513e-16,1.5886136157236723e-15,1.9328250718665814e-15,-0.0005107060067660583,-0.004296681884911716,0.0008839463296299268,18.0,20.0,17.0,33.0,6.0,12.0,36.0,40.0
u17,3.476,3.333333333,-3.210605302395726e-09,-3.5002280501705876e-09,-1.2835015387495238e-09,-5.833435734107709e-09,-2.7919389226559913e-09,-7.479837065279315e-09,-3.1229020221511266e-09,-1.003125404115137e-08,2.952245685980547e-09,-4.3693862316067614e-09,-1.2946825897441558e-08,-9.648964913882605e-09,-5.834720509483703e-09,-9.75052803435416e-18,-8.066133899644651e-18,2.7143599372613478e-18,5.07984486369561e-17,-2.774853159028628e-17,4.5472344427807267e-17,-7.100525883481637e-18,7.911923081384737e-17,-9.126816279222242e-17,3.8777875489967824e-17,1.1889777524030232e-17,-4.30181434081954e-05,-9.595960568079935e-05,-6.1991403980788e-05,1.3813966935886924e-05,-9.558549794398745e-05,-3.264326101224508e-06,-0.00016158388517529821,-8.376028976232345e-05,-0.00011680284581519548,5.9261044596579965e-06,-1.0130594910242667e-05,5.84513257473273e-05,0.019156345455882257,0.0752223742730072,0.01879918435392846,-0.04384453587798343,0.32925472747497214,-0.018795297913478757,0.03982202447163513,0.1346426043878273,0.14437252786767352,0.003823129936113475,0.09506077858132023,-0.1248012174243865,1.7350897852621093e-08,1.4691168751743003e-08,7.700137257887898e-09,3.2144205728109875e-08,5.107950843892052e-17,-3.699530628200823e-17,5.3850400639960276e-08,-4.7442368973771106e-08,8.067628867512282e-09,-7.071086581094271e-09,9.145624959691088e-08,-4.413512677128543e-08,-3.683730815239652e-16,-1.3975280755727e-15,-1.1380516725643271e-16,1.496400430192071e-16,8.490682048934043e-16,7.576304342253675e-17,9.90952162737978e-16,9.45435304926061e-16,6.636076115999637e-16,1.3859781885714907e-15,1.1104041689375687e-15,5.754014458850911e-16,0.0013394047545724579,0.003242079662295087,0.0012161057603384332,31.0,17.0,27.0,37.0,13.0,18.0,40.0,44.0
u18,3.474,3.333333333,-7.9616444509294e-09,-1.252340526983637e-08,-2.742583482399055e-10,-1.3141718853449361e-08,2.909865356692632e-09,-1.0500989637496679e-08,-1.0472883864514494e-08,-1.3140009252574377e-08,4.323966945686792e-09,-9.939372266996718e-10,2.293372977324405e-08,-1.9972450545868917e-08,-1.5157026020193917e-08,-6.29707402713316e-17,5.284884295459042e-17,-2.4844328761865578e-17,-1.6928987744449871e-16,7.57133130925989e-19,-2.796571686864776e-16,-5.005905978667138e-18,5.85287767354843e-18,1.3001375573992111e-17,-1.4940939716223062e-16,-1.1245558137081742e-17,-3.2563103960637604e-05,-0.0001861003707586932,6.839936992100644e-05,-6.422144006876189e-06,-4.123156008499439e-05,6.700774010930434e-06,-0.00029274524104537053,-0.00012245165752776453,0.00011002214364303488,-1.1011042122958796e-05,4.129595995477778e-05,0.0001169998175240657,-0.12265711555858227,-0.034659740129997424,-0.009560040963780637,-0.03630682753682571,-0.20301822323462423,-0.3666572637517631,-0.025477707006369407,-0.08760041532324167,0.08379777070063703,-0.15439803439803435,0.05623944001930963,-0.18338885025074123,2.9586630504574615e-08,3.7465065450263275e-08,4.753897501086341e-09,4.496919565041587e-08,-1.0625303629539092e-18,6.719975423627389e-17,-1.8982018894228012e-08,5.645051185912416e-08,-4.7973280713212555e-09,7.649369866298346e-08,1.8822116806516485e-08,1.1759824510028057e-07,-9.034870424663659e-16,-2.4796773229797384e-15,-1.3565999237257922e-15,8.455283658533929e-16,1.3173505439942943e-15,2.4524588818278517e-15,1.027693098606019e-16,1.8452052870978635e-15,-1.8654462513264349e-16,1.811239033841387e-16,1.073861086078428e-15,-3.642026955376457e-15,-0.0006765662004965941,0.0029746164221490868,0.000436406803267526,16.0,28.0,17.0,35.0,15.0,12.0,38.0,31.0
u19,3.947,3.777777778,-4.067530510647024e-09,-4.56999686486995e-09,-9.621725463570756e-12,-9.41623945960418e-09,-1.0479862419352959e-08,1.3857804872199242e-09,-1.1419025391303451e-08,-1.398929917938396e-09,-2.832632947488964e-10,5.996778005446655e-09,-2.4419673493165003e-08,-1.5520792915199876e-09,-3.599150262066277e-08,-3.6410589208176677e-17,-2.5553666545419272e-17,-5.0109985934740514e-17,-9.626851075972218e-17,8.894786274002926e-17,-7.557319233255661e-17,5.581018897245479e-17,-6.658873110429073e-17,6.677432302048151e-17,-1.7920331160825206e-16,1.4751479535543884e-16,-1.9977124789518896e-05,-4.4441976538791166e-05,-2.9748544913376398e-05,1.4451135179855693e-05,3.0833259820290616e-05,5.988609917370431e-05,0.00012173033996358922,-8.446187605416377e-05,-3.83519035814372e-05,3.173104384939656e-05,3.8209119318251514e-05,0.00014788398170173766,-0.05317825560339826,-0.0020580728395820113,0.014737226771554646,-0.006203161622381039,0.002589641434263048,0.4588651924136303,-0.1429083665338646,0.17088890306936375,-0.006348595613697609,0.10138869033240816,0.0426294820717131,0.1311055720290108,2.0760347831238982e-08,2.4394880872919084e-08,5.756907096069458e-09,3.4513441122902056e-08,7.290876215008724e-17,-1.0627651942827848e-17,7.087868656095721e-08,-6.474740914343413e-09,4.780686550709003e-08,-2.785970671656344e-08,8.818813837463478e-08,3.443997342227505e-09,4.3103618009089985e-16,-1.1745019434717333e-16,9.62165170110228e-16,-5.1862847737714105e-17,5.24796941344409e-16,-3.492710864570894e-16,5.496235791710336e-16,1.3468360210271994e-15,1.829025476888379e-16,1.0183799988339894e-15,2.522180750556103e-15,9.319615639605594e-16,-0.00011118926381477197,0.0019875663140215896,-0.001098179599907597,31.0,22.0,34.0,15.0,5.0,4.0,36.0,32.0
u22,3.889,3.916666667,-6.244986877966652e-09,-7.256789128705457e-09,2.8465629540937142e-09,-2.0225849186634065e-08,6.713394390567349e-09,5.889215128503531e-10,-1.1619613692103646e-08,-2.1149054576048763e-09,2.639830777219645e-08,7.291803889026951e-09,1.1448060988010736e-09,-5.724122129959609e-09,7.104317888277612e-08,6.426000876068966e-17,1.0320128816298471e-16,2.5270025026927767e-17,-1.4435623376101632e-16,2.0866851309498354e-16,-2.0750135096668837e-16,2.0822227986417286e-16,-9.553167167262814e-17,2.384882188127973e-16,-1.7138171705120672e-16,1.5251521351208203e-16,-5.4650285343664435e-05,-0.00012772408832965523,-2.6260486162076162e-05,-2.4501687578741452e-05,-3.997440107250368e-05,0.00015300968183801933,-0.00016350046313854056,0.00010525074614628846,-1.5824751631112642e-05,0.00011939122305435515,4.039583253241673e-05,0.00020793743948489007,0.10167761482619612,0.07381473050744132,0.06182571300272883,0.02140765424618801,-0.4391171993911719,-0.10843085741581063,-0.13454215141669282,-0.33287858117326075,-0.04854685260002606,0.03618536243725915,-0.07125226262958696,0.2622752602250025,-4.923932101662067e-09,-4.468785130531096e-10,-1.2758475108795989e-08,3.307003662744441e-09,5.0775033253436995e-18,-5.605104105370669e-18,1.889865403514342e-08,-3.778059509279143e-11,-6.492446485226284e-09,-1.482575148412854e-08,2.7116764705794224e-10,4.065893991710525e-09,1.135393391628697e-15,7.278919356459598e-16,2.584489641224551e-15,-1.207933642321464e-16,-3.6159407549121876e-17,-1.8207488456295072e-16,-6.210236459769887e-17,-1.2973121030596778e-16,5.607678728752848e-16,1.2096238911599513e-15,5.613191288475811e-16,4.055027887006068e-15,0.0007386258339883452,-0.0054241387654111245,0.0004917267413084902,26.0,15.0,,,3.0,,36.0,
u24,2.987,3.222222222,-6.148554687820223e-10,-1.494447355074762e-08,7.027626571749774e-09,8.011090383694643e-09,-3.314760644370941e-08,1.241841256188372e-10,-2.8771756852334857e-08,-4.097411750630721e-08,-4.486561755778703e-08,7.452304329408548e-08,-1.526469156804965e-08,-4.044094833517177e-08,-5.8697097904048535e-08,-1.1549770729554298e-16,-3.587300150008998e-17,-5.45087345120782e-17,-1.6354462471294254e-16,-1.5758108702937738e-16,-9.036388852161678e-18,-3.1688864393669483e-16,-2.799104886537271e-16,9.700974261132434e-17,-1.0604684337208502e-16,-3.1915114468202803e-16,-6.993256205356998e-05,-0.00013574740828478825,1.3882344795375189e-05,-0.00013658511348055318,-5.453747439593692e-05,-0.00020661301803749285,0.0004010157128208976,-0.00016458261335808335,-0.00013535914768763785,1.4840234716000695e-05,-0.00017086195912153018,-0.00045235343841701294,0.10040322580645158,-0.16454219892701802,0.16038724012061575,0.10161290322580646,0.5384615384615384,0.7832817337461296,-0.0637362637362637,-0.3186274509803922,0.5549450549450547,0.7374613003095973,-0.29450549450549457,0.15686274509803916,-1.7480221466007869e-09,1.6283976149427896e-08,-1.8721917197342544e-08,-3.6657778642651313e-10,2.7407331216293777e-17,2.544948869056044e-17,3.522159998422339e-08,9.822113868288854e-08,7.746200879625368e-09,-6.58073774133672e-08,4.2565942624351605e-08,5.193606020705944e-08,-9.705895090918262e-17,6.928291028245379e-16,-3.61969657893427e-15,1.5550978253518857e-16,2.7415335196367804e-16,-2.7424916917985902e-17,7.929673087858154e-17,2.3582476082421985e-16,-5.725999857992657e-16,3.90035731520618e-16,8.3858873060099e-16,0.0,-0.0010184193173993564,-0.001851681898310182,0.0009893694240935727,26.0,15.0,22.0,18.0,5.0,7.0,41.0,39.0
u25,2.765,3.333333333,-9.688706943513951e-09,-2.7026599442291305e-08,4.409256785094494e-09,-1.2119006118779076e-08,2.000929706614177e-08,-8.777354841717012e-09,3.59899481342961e-08,-1.490312693732721e-08,1.9334579287238814e-08,-4.548307521933209e-09,2.2744955071589833e-08,-1.7918774149844493e-08,-6.8461004055363325e-09,-2.3133550352431505e-17,1.0007770121791022e-17,-2.8598898017468164e-18,7.77379798819406e-17,-1.985968917620708e-18,1.2626617601760234e-16,1.0901148640402944e-16,7.085140628659578e-17,-5.2613630913407405e-17,3.373761597006334e-17,-3.095179738826287e-18,-5.342867826678992e-05,-0.00013390971359623409,2.331268714322115e-05,-6.526347070769053e-05,0.00020207703160241087,-0.00011420078616777451,0.0005208461737474858,-0.0001337674602719529,0.0002761911016837597,-0.00014886026033488368,-0.000226875036676194,-7.011336227849003e-05,-0.2974434283425672,-0.04380008435259385,-0.008608846376067281,-0.02341080111371771,-0.4105263157894736,-0.3437702790395847,0.03611971104231167,-0.04515548557611201,-0.2585111788617886,0.03353623521304695,0.25245098039215697,-0.1211094048466235,4.244420513138468e-08,3.7616492014813265e-08,4.788718144331055e-08,3.094442464607223e-08,-4.635562356055145e-17,8.736332288788094e-17,1.8341278168315616e-08,1.774109074346349e-07,9.932124728086938e-08,2.7676169153642076e-08,-1.1412671330535266e-07,8.601300126412059e-08,-1.0634221001313616e-15,-1.0845715456271704e-15,0.0,6.405424539482116e-16,7.918149422483911e-16,0.0,5.603961094014801e-16,1.4738198737396558e-15,5.284225534639008e-16,-4.837477914709686e-16,-4.837477914709686e-16,,-0.0003143040944851539,-0.0072583825247148044,-0.000566498853374448,,,,,,,,
u27,3.719,3.333333333,-3.79937273406277e-09,-7.139898049241918e-09,-5.833942945329449e-10,-3.2275835990753283e-09,-1.9292753259711902e-09,-2.528388211362961e-09,-8.459776692609643e-10,-5.809799753054959e-09,3.4727466505086104e-09,-1.3170522011996935e-09,-8.870692272944307e-09,7.912898292667424e-10,-1.3345165877850166e-08,-3.5320028335947774e-17,6.095377135210519e-18,-1.4882508931589604e-17,-1.2403026686445137e-16,5.0367699446294456e-18,-8.400205815482646e-17,-3.53827123872936e-17,-1.0421299591145497e-16,5.16282313091109e-17,-1.8103812484303697e-16,-1.9977202186576116e-17,-3.74483176884709e-05,-0.0001353566559892153,-1.4499028078062947e-05,-2.9561064185417354e-05,-7.940607019947657e-05,-3.315479563511027e-05,-0.00013732802116965098,1.596349097099829e-05,-9.758540159309762e-05,-2.980523559227227e-05,-5.756443669707814e-06,-2.3806600313249298e-05,0.12921886169989716,0.04480249981902853,0.08058425782279076,0.006493687525178114,0.01928386006840004,0.3472880061115355,0.16239404589621664,0.024047872042950596,0.20652065206520676,0.31140029325513213,-0.26833746738395137,-0.06652022781055036,1.722187630126247e-08,2.6299566361498407e-08,1.1137318306436596e-08,1.5970318115051912e-08,2.6742302901464398e-18,4.958113611972908e-17,2.551288427851796e-09,9.02998912164844e-08,5.859366881677379e-10,2.1198179269760168e-08,5.136161369232421e-09,3.8598810398547073e-08,-4.0531792558851615e-16,-8.347535130820605e-16,-1.903614570196179e-15,-1.618026892264921e-16,3.7575822724564313e-16,-3.1260933325579653e-16,6.534109836629601e-17,1.424952646177975e-17,7.755955458628196e-16,-1.4028784463959073e-16,-1.2243899045760695e-16,7.46091472400908e-13,7.970622184831169e-05,0.001204838652285346,0.0005762804803609778,23.0,18.0,19.0,23.0,5.0,7.0,38.0,33.0
u30,3.93,3.916666667,-1.2233915867472201e-08,-1.0322159426180757e-08,-9.615170384171977e-09,-1.9080724279789913e-08,-1.931683344847615e-08,-9.486628201842172e-09,-2.568459999749125e-08,-8.189767891111631e-09,-1.959295424132557e-08,-2.671703983156401e-09,-9.158758707419597e-09,-2.1765756084492105e-08,-1.88483338588049e-08,9.120807120598225e-18,-4.5866720328364756e-17,-1.8827500988468875e-17,-3.0433503437097434e-17,-2.3496243617549987e-17,6.100683366354419e-18,5.382002838285001e-18,-9.898119022841516e-17,-6.384921866308334e-17,1.4335903096868583e-17,-1.3921947801307605e-17,-2.2049736301293385e-05,-2.8880266469080807e-05,-3.1858253973881726e-05,-8.043583325458014e-06,0.000122125186081182,-8.127430077844215e-06,0.00027945305508962317,-5.6485092223574926e-05,0.00014066207409015868,-2.697631971609994e-05,4.427163752914302e-06,5.0142352251945523e-05,-0.0313991746668722,0.018984480940183818,-0.004267526000682796,-0.011215423934676108,-0.17931034482758626,0.09555584991886598,-0.1665024630541872,0.1136168002902489,-0.08511220580186099,-0.016927529608896014,-0.008866995073891628,0.05267430989519265,2.7122559356495166e-08,3.032178885333797e-08,2.2271790162214534e-08,2.9385030646161702e-08,1.6015935613555663e-17,8.896115001179124e-18,2.272855200552664e-08,-5.634769460493807e-09,1.1814749056710366e-08,1.8904577321471632e-08,1.2493346591180583e-08,1.4690400590759974e-08,-1.0829316133726655e-16,-7.2948157529742e-16,2.61531179098107e-16,1.4774462087308807e-16,3.4561805388842467e-16,-1.7404292328399379e-16,8.265439143314058e-16,7.230147103872064e-16,5.08504201507267e-16,5.750078003467625e-17,-4.741136369459996e-16,-6.454094026975068e-15,-0.00264776311830405,-0.0046215314117374765,-0.0017489886864424087,34.0,33.0,34.0,21.0,1.0,0.0,33.0,33.0
u32,3.826,3.888888889,1.4568933819211194e-08,1.2768550076877176e-08,7.609654800176404e-09,2.7060701068506546e-08,1.8490010266145357e-08,2.3172822011853986e-08,4.017082938238481e-09,2.4232988766711042e-08,2.2628676981578367e-08,1.0821050861571898e-08,3.1487816255179956e-08,3.6541709949310925e-08,-1.1284817075191075e-09,7.081079580192792e-18,-4.730583864127698e-18,-4.887855920284781e-18,1.102624579035011e-18,9.478791570436589e-17,6.704896691939109e-18,8.863565058024525e-17,2.2770140965200264e-18,8.696197034208966e-17,-1.5929428385991064e-17,1.0774762189603803e-16,2.207291010296589e-05,-3.239003073504332e-05,-1.475633990316641e-05,0.00010433369286425324,-0.000212467697929312,3.7980504649299805e-05,-6.724206762193522e-05,4.826069767695603e-05,-0.0005183880250412301,-3.434879020747116e-05,-0.0001260056836442785,8.272638493644273e-05,-0.07959560900732517,-0.03955619874577904,0.015922959760231906,-0.07814729656484158,0.07000000000000031,0.04905828455077624,-0.040873572430374615,-0.06061128927655577,0.176171654432524,0.044459260298968364,0.34105025409373235,-0.0908745247148289,1.0049841405010578e-08,1.570890102090917e-08,-1.6765578195872181e-09,1.9254435019399134e-08,2.227273840676124e-17,-7.05669145756864e-18,3.6386116868983405e-08,-7.4489353709917e-08,2.8729913467434217e-08,2.5139814374368236e-08,-1.5177482467255498e-09,1.3213975413067064e-08,3.493817316890454e-16,2.428370507323534e-17,6.798022662655475e-16,7.346721600609874e-17,-1.8767710696741908e-17,1.3912257177257755e-19,-3.0489414038557574e-16,8.962043072531893e-16,-3.4611159238749357e-16,5.184690991337794e-16,6.006487085638138e-16,-1.5739612911099647e-16,-0.0014031603713367002,-0.003124929874358995,-0.0033240375168434376,29.0,14.0,41.0,15.0,4.0,2.0,35.0,38.0
u33,2.815,2.777777778,1.9413227404599133e-10,-7.390929029757179e-09,1.1337562584166786e-09,8.181406595327422e-09,-5.9194106588927095e-09,-6.774490960407242e-11,-2.0710971355375495e-08,1.6380752489304245e-08,-1.7057159846533737e-09,-1.8533499924819664e-08,9.306125301822629e-09,1.4120211392844414e-09,4.918073953372593e-08,-2.1678184635844345e-17,7.897224860504097e-17,6.320351328617892e-17,6.005831657226261e-17,1.5819637818528806e-17,-9.447158002886542e-17,9.676746842437485e-17,1.0197525028453467e-16,-5.640428492354636e-17,1.4763056831515077e-16,2.541726829316971e-17,-3.055626546637327e-06,-0.00010547549767113324,6.230239965077641e-05,3.978601555726731e-05,8.449996207229027e-05,2.5138585341909934e-05,-0.00015367587894121363,-0.00020547383692394265,0.00019702071199597114,-0.00028659492747572495,0.0002030988166159832,0.0005006209348581324,0.0857926140945009,-0.0193536469659695,0.024260355029585796,0.06743158456298781,0.1672771672771673,-0.247863247863248,-0.06085265735272931,0.030357728913685666,0.06548122207462863,-0.11692307692307685,0.016899224806201516,-0.30906110181358654,8.18130029861455e-09,1.1762233639815452e-08,3.2347018020933465e-10,1.296731000187061e-08,-1.0057223986487007e-17,-7.519831260037785e-18,-3.57756109104055e-09,-1.8958490637512294e-08,-7.498936938710077e-09,-4.104957103272353e-08,-2.702683111981343e-08,3.654206420776052e-08,-4.0297341995630065e-16,6.227909320175535e-16,-9.916328351260418e-16,5.714573206843001e-16,-2.6643027584487996e-16,2.398642555012586e-16,-2.3629419846305596e-16,-1.0428744851945648e-15,-5.345856829758399e-16,1.0576729692525448e-15,8.253497028426699e-16,2.1667589941460414e-15,-0.0008213438115669523,-0.003083932974804168,-0.0011513102998615562,19.0,34.0,26.0,28.0,23.0,25.0,39.0,46.0
u41,3.652,3.777777778,-2.927375431407266e-09,-1.1985543811189746e-09,-7.883640738204187e-12,-1.1194936777322762e-08,-7.2317825522417405e-09,-4.197892917456512e-09,7.582286538665843e-10,4.5348667825173754e-10,4.904902091217913e-09,-1.0018083187774972e-09,-4.610039862076205e-08,-1.6504187067347848e-08,1.4626297632965095e-08,1.9894705296084256e-17,-4.495284919515161e-18,2.561914585620856e-17,3.5705380345010664e-17,5.007560846995699e-17,1.7314985259225789e-18,6.63171037064197e-17,4.2747545782910555e-17,5.965256700187848e-17,3.447847174165792e-17,1.8816828039202737e-17,-3.33933295540244e-06,-0.00010963355124066193,3.195559646912612e-05,3.684278696603194e-05,0.00011158133232723051,6.185782570255052e-05,0.00014429623748566823,-0.00012423691194908386,0.00033291385751601604,0.00010098826658217492,-9.436362688967426e-05,0.0001280377915745296,0.051533246341995,0.06108472835952255,0.010495928343820467,0.062146350162207396,0.3472097209720973,0.1092158779203581,-0.042198758650210465,0.1539662054683514,-0.2572594192464603,0.14050161410479262,0.3161205766710354,0.015938740782756648,1.6473763998544275e-08,1.98512575585523e-08,5.502823620478435e-09,2.7045038152176113e-08,4.14141687334286e-18,3.688549875508979e-17,7.585392666914973e-09,1.0921189995125833e-07,-3.3946726871288904e-09,-1.3303387907404188e-09,4.735084636024181e-09,-1.377399853989544e-09,-5.623249411581612e-16,-1.3221674381734336e-15,-1.1571556189162543e-15,2.368418093303494e-16,-7.348696994181617e-17,1.647660441387647e-15,4.442221041631786e-16,8.849138920132994e-16,2.4167432708890033e-16,3.0373363667846334e-16,-2.135092531146277e-16,0.0,-0.0008262868628757832,-0.0044134177093717,-0.0002556910583586615,,,,,,,,
u43,3.79,4.0,-9.160121607925148e-09,-1.4836551538791229e-08,6.260109466986838e-10,-1.4673635610683854e-08,6.669613291632623e-09,-1.577881878354339e-08,-1.2894635924100756e-08,-2.7547589452346597e-08,2.2045484410486736e-08,-1.2255211192404482e-09,1.3600589281570476e-08,-2.52101229461705e-08,-5.032866203968055e-08,-8.048395284239272e-17,8.909956168916246e-18,-6.807865963494061e-17,1.1577585278037252e-16,3.289238602642391e-17,8.766873089129421e-17,6.317563827224795e-17,2.3060674827688724e-16,3.913546516200277e-17,5.852746996998526e-17,-1.1591924506975876e-17,-3.3206860622314225e-05,-5.7274044158095475e-05,-1.4401345147624658e-06,-3.097256156383633e-05,8.132632828363308e-05,-3.553168238087736e-05,0.0001154813325681387,-4.242539853845905e-05,9.850370524829713e-05,1.0000159229155662e-05,6.784936283490122e-05,-8.035940272080322e-05,-0.08066395640212384,-0.011211112848113975,-0.0057635050609948805,-0.0010681204287282496,0.040513833992094725,0.2939627552301733,0.14025974025974022,0.288841476424152,0.12436793975255513,-0.04142996195026992,0.1597967250141163,0.05692799251870324,5.0335396483622885e-08,4.1511705890082044e-08,1.0409773301287253e-07,2.4419248021434392e-08,8.706063220482557e-17,-2.947248898218002e-18,1.3729511805018683e-08,4.0244359844934004e-08,1.5743366370690747e-07,-4.441877136172701e-08,1.225507221222238e-07,5.8425714139610754e-09,-1.792166998801181e-16,-1.5562474055783933e-16,-9.704078438338399e-16,1.8563049611363413e-17,8.661649818948899e-16,-6.168193530742894e-16,-9.494496582104024e-18,-5.911209710781943e-17,-3.0146371508975277e-17,2.260117428245372e-16,1.8108812836120546e-16,1.386820171780835e-14,-0.0020700563058447113,-0.005812508160744559,-0.0006219515777612837,31.0,18.0,32.0,21.0,7.0,4.0,35.0,40.0
u46,3.646,1.111111111,6.383112644539692e-09,-3.5794697074152996e-09,1.4729807456134951e-08,1.5696943445643757e-08,2.091249375299825e-08,-1.0694387642179975e-08,-1.1017615612897315e-08,-3.7047180692491705e-09,2.060547606002477e-08,-5.8055520714620856e-09,7.195028617270422e-08,-2.8782051109815928e-08,1.1957514409918176e-08,-2.5454758169543237e-17,7.666381099353981e-18,3.670488637871398e-17,-4.668254039884e-17,-6.115542301130662e-17,-1.5718989557732526e-16,-9.710517469121294e-17,-5.595976384216162e-17,-4.930276021036876e-17,3.763253549252264e-17,-6.583437210459071e-17,2.5331999216876592e-06,-4.396506042799518e-05,1.9635539450898127e-05,5.3472105321047025e-06,4.3644422028310543e-05,2.6226764537085715e-05,-0.00010112915804492376,-1.0321907470373055e-05,5.369706835841771e-05,4.577547227668542e-05,8.451807756714596e-05,2.5391225702117384e-05,-0.1186582809224318,-0.07071245733788396,-0.06218521672658089,-0.06126927280224456,-0.9376923076923077,-0.21557285873192428,-0.34829317907316754,-0.27570672373014976,-0.34665338645418337,-0.05272525027808678,-0.18497776313622136,-0.1027808676307008,2.378531366103009e-08,2.6243454590914792e-08,2.0591508880429754e-08,2.236046329566603e-08,-1.740163807422398e-17,8.442150879319969e-17,1.3158922056093634e-08,9.743196358781215e-08,-1.1490267781477871e-08,6.77357880577772e-08,-5.2255740905364094e-08,8.769464778589197e-08,-3.06166576519737e-16,-1.357487329931406e-15,-2.3918169293061006e-15,4.341222383158997e-16,1.559675374940078e-15,-2.1801880954157036e-15,3.8664398074183413e-16,1.3904500439559583e-16,2.848303011442367e-16,3.293113591214395e-15,3.293113591214395e-15,,0.0014396556269980303,0.0006733637438637484,0.003266060184825459,34.0,19.0,31.0,34.0,10.0,,37.0,
u49,3.625,3.777777778,4.319070984791505e-10,3.0083193880053464e-09,-5.433337679747208e-10,-2.023569409139485e-09,-2.9226697454995966e-09,-5.593804559169946e-09,6.493931668887018e-09,4.058252738895726e-10,-4.8508464946643606e-09,-5.473246333005444e-09,-1.2550670397052653e-08,-1.549235366313789e-08,3.831879764447068e-08,5.499634997207618e-17,1.3180822646097524e-17,3.3635877934042486e-17,-2.4184269689409913e-17,5.491374378939975e-17,4.411702967300805e-17,6.130165382442133e-18,-1.4454190498876666e-17,1.3740101661902712e-16,-1.2095804040004195e-16,4.4698807185268605e-17,2.7520509817849257e-05,2.3952737953466398e-05,-7.463486750192758e-06,5.681742878726212e-05,-1.0325957372583627e-05,-0.0001408573546661505,-2.558653826357304e-06,-0.00016369877707689043,-3.407076174164377e-05,-5.425009101427362e-05,-5.075174002304301e-05,-0.0002469835282200815,0.6064025857976366,0.29922600669984883,0.16449880395034375,0.17538367617888553,0.09344041656554072,1.6456140350877189,0.2052507256221824,0.6029411764705885,-0.040458304058801284,0.1877275091003641,0.00542387993164425,1.0743034055727552,1.8515875339099038e-08,1.3389394357615055e-08,2.626094236409667e-08,1.40979744994219e-08,5.471179948323027e-17,-1.670295866860095e-17,5.856666186415825e-08,-1.1355932072729035e-07,5.165959048210899e-08,9.606452600901397e-08,5.237811011634492e-08,-3.3074383151373075e-08,1.078248140291485e-15,5.817943273545395e-16,1.0908033882642235e-15,-1.7048925730214402e-16,-1.079854663782527e-15,-6.891816553608214e-17,-1.138095833821439e-16,2.0915469269786233e-15,-6.321219031083752e-16,-3.036854388199978e-16,6.082038684380747e-17,-3.996075670436399e-16,0.00047841401102775643,0.0008129887118314367,0.001502842271624488,35.0,18.0,,16.0,2.0,8.0,35.0,32.0
u52,2.4,1.0,8.500201953734875e-08,7.820302608969926e-08,9.468083196820134e-08,8.357782292311474e-08,-1.2585866045674685e-07,2.8308000864444537e-07,-1.1814965746365898e-07,2.802270795830608e-07,-1.408724396823325e-07,3.0089999799190035e-07,-1.133958282125455e-07,2.62559948677452e-07,-7.331330283727705e-08,-3.049078245076099e-17,-6.539198672778291e-17,-8.668554338933532e-17,-1.1596258380925358e-16,-1.5290018761695693e-17,-3.819169516432237e-17,6.018062661564545e-19,-7.210522495253186e-17,3.303286687742826e-17,-2.0087674683098417e-16,-7.854470905130009e-17,-5.763959886718295e-05,-2.734900713346752e-05,-9.103891761601614e-05,-4.8255781259930635e-05,-5.848890221946214e-05,-4.238398123407862e-05,-0.00015820795992669455,-1.95717663935886e-05,-1.991994609448752e-05,1.7185202040350476e-05,-8.234351939866859e-05,-9.199238460507737e-05,-0.1528054912602762,-0.04155947336561742,-0.045529504962561786,-0.06559319981903569,-0.3557312252964426,-0.06284584980237154,-0.09746025190997319,0.03395675819074147,0.04178551055333714,-0.012962780568414382,-0.31338226990400897,-0.055339479802938914,-1.6696389843897437e-08,-1.570527281149055e-08,-1.6045032215733355e-08,-1.9686748304085885e-08,-3.44249291398332e-19,-5.6328163665663606e-18,1.2967991323229533e-09,-3.5598498624544662e-09,-6.045661160015966e-09,1.7338202875930107e-09,2.1228889120164353e-09,-1.8993246783903816e-08,-9.653565979070648e-16,-2.797772194932791e-16,-3.490592245896719e-15,1.607614732977874e-16,-5.808094518503593e-16,-7.299861270603731e-17,-5.473192929057728e-17,-3.751735460980607e-17,-1.0961917021324717e-16,1.35030243625005e-15,1.5796974224511126e-15,0.0,-0.0019348572512480934,-0.005448183065782324,0.0037672009873085453,40.0,35.0,26.0,39.0,12.0,15.0,39.0,29.0
u54,3.343,3.444444444,-1.5574927875206734e-08,-1.37919387749209e-08,-4.831344991766736e-09,-3.731559867692009e-08,-7.50622466424958e-08,3.955831220391663e-09,-6.572520909430577e-08,8.39261309477836e-09,-3.502614740050581e-08,3.5596860399998584e-09,-1.5034193149303937e-07,1.5846331211037319e-09,-2.509007679585303e-08,-2.7280655602161477e-17,2.1478358371230556e-17,-7.643400574181171e-17,-3.0651027351129624e-16,1.351824851969373e-16,-2.1833283331519308e-16,1.454317175512832e-16,-3.494087198068696e-16,1.507172972673018e-16,-3.354364587619428e-16,1.2660095291283184e-16,-4.8154361762667653e-05,-6.015279235119982e-06,-3.828869307311576e-05,-0.00010617246600509023,-0.0002581768184120119,7.53602668866463e-05,-0.0003161253673101004,0.00013789858608779596,-0.0002499007809993641,5.964923608987234e-05,-0.00021090948387754766,-4.047503117416525e-05,0.20582100670426737,-0.013992609016999271,0.20758045612150222,-0.01414404436816787,-0.10633663366336628,0.016666337552576044,0.21131439801600296,0.08789522152870151,-0.010669309701492529,0.22550185353570681,-0.1388026607538803,-0.3208479438954416,2.2657038764574337e-08,2.337235137424492e-08,3.082266982531175e-08,-3.0474901790118075e-08,7.318556550015387e-17,4.1650530036569403e-17,8.350408402023657e-08,4.1738857058617815e-08,6.607855566663894e-08,4.1441087349343074e-08,6.703910832903089e-08,-1.2419398121526243e-07,4.7894054973358e-16,4.939852888772283e-16,0.0,-4.6901570080245695e-17,-4.554310661327252e-16,-1.3398081668189875e-15,8.55549112244904e-16,1.2910355575288752e-15,1.4256491820300927e-15,-4.05029750938862e-16,7.121506713634034e-16,0.0,-0.001186314566473645,-0.003915721733726764,-0.00143991585293486,,,21.0,26.0,,,,
u57,3.389,2.666666667,1.4438479050175637e-09,-9.949215866001876e-09,1.5951858051998602e-08,-2.6347931520534377e-09,-2.5529621676420546e-08,9.895126166399883e-09,-4.312427287463956e-08,2.5902826833490076e-09,-2.84571359466937e-10,2.308493890003774e-08,-4.104397978212381e-08,-2.252309837533074e-09,-4.263313775758507e-09,-1.6612794086086922e-17,1.1790169749792016e-17,-1.999960328081251e-17,-8.156850048680483e-17,1.1393399794063728e-17,-8.592049043136499e-17,2.2624999532758605e-17,-2.1027934575959874e-17,5.932683723897515e-18,-1.7026162792243537e-16,7.502323484065266e-19,-4.676231491372501e-05,-6.940103557115924e-05,-7.618217444373707e-05,-5.608714177926214e-06,-5.248631891022408e-05,5.284738280041291e-06,-3.72281692096618e-05,-4.95058682431696e-05,-0.00018711503983103725,3.0066378235403216e-05,1.8843691284315078e-05,4.39606967699469e-05,0.2614334743395323,0.07647124987575006,0.16760254670702424,0.06962412587412586,0.15070028011204478,0.39304812834224606,0.015584415584415581,0.32439175061775327,0.2904507257448434,0.25200534759358284,-0.09793735676088615,0.06653225806451611,1.458637367605037e-09,2.320246198360436e-09,-1.4918534164808936e-09,4.10822797756244e-09,-2.497218550706664e-18,4.3141633325155655e-17,-3.576227615197753e-09,5.5355562967904326e-08,-1.983582985101653e-09,1.7978272058326647e-08,-1.2731323976728835e-09,5.74020657854653e-08,5.688092691089493e-17,4.622835917633046e-16,7.344370790389503e-17,,,,-1.5280928104058895e-16,-5.248779266661528e-16,-2.1228666218179703e-16,1.7952321486183478e-15,2.577787340254813e-15,-4.047394318186169e-16,-0.0008220479834049613,-0.001890022555233615,0.0014965869148627436,35.0,12.0,,,0.0,,35.0,
u59,3.519,3.555555556,-3.985592110523258e-09,-6.202814367131682e-09,-4.246069873638313e-09,1.3692940302863928e-09,-1.45441985796926e-08,4.317666410517187e-09,-2.126071297758868e-08,1.2250555677721057e-09,-2.272934392860104e-08,-8.520887322050403e-09,1.57954290313322e-08,3.0547106443977715e-08,3.896576255214113e-08,5.181090873051372e-17,2.7067073095117568e-17,4.749094832258053e-17,-2.1134581663503003e-16,1.0918088029189783e-16,-4.186111855474062e-16,2.007669763149967e-16,-1.4465656739861056e-16,-9.815189104177573e-18,-6.2826397034383e-17,1.3855117639554507e-16,-5.7716017719917636e-05,-9.380612931941132e-05,-4.301257448942792e-05,-5.117466033136613e-05,-0.0001353310321178802,-6.601731063740065e-05,-0.00021032636196226723,-5.850378449640539e-05,-7.360566243156518e-05,-0.0001526216487170672,-0.00015348124642051216,1.5130409902152134e-05,0.6150929842764787,0.15404612592040534,0.2784962735642261,0.28342182107778074,1.234733893557423,0.7399732620320855,0.31666733450873547,0.054595698068114075,0.9362751567139559,0.6404805914972275,0.23177998472116115,0.14177421144103844,3.763010867636528e-09,4.659943338495727e-09,1.1499021912003499e-09,6.057628986070362e-09,6.670171563881026e-18,-1.2234805415042048e-19,-3.75627715768176e-09,1.3458010814286428e-09,1.2729110320563797e-08,-5.587175672709255e-09,1.2578424921538073e-08,6.444660075426799e-09,4.1941637240691016e-16,-8.624487343372047e-16,1.3840781160370878e-15,,,,4.7018651166054594e-17,-9.755792868829785e-16,1.1359024266031534e-16,1.4331809538187144e-16,1.8901835456375638e-16,1.820101164555588e-16,-0.00044705330600846324,-0.0016504634980165705,0.00032709936885632967,34.0,21.0,37.0,29.0,5.0,7.0,34.0,31.0
